{
    "typeName": "AWSSamples::EC2::ImportKeyPair",
    "description": "Sample resource schema demonstrating a model for an example resource type to import a key pair.",
    "sourceUrl": "https://github.com/aws-cloudformation/aws-cloudformation-samples.git",
    "definitions": {
        "Tag": {
            "description": "A key-value pair to associate with a resource.",
            "type": "object",
            "properties": {
                "Key": {
                    "type": "string",
                    "description": "The key name of the tag. You can specify a value that's 1 to 128 Unicode characters in length and can't be prefixed with aws:. You can use any of the following characters: the set of Unicode letters, digits, whitespace, _, ., /, =, +, and -.",
                    "minLength": 1,
                    "maxLength": 128
                },
                "Value": {
                    "type": "string",
                    "description": "The value for the tag. You can specify a value that's 0 to 256 characters in length.",
                    "minLength": 0,
                    "maxLength": 256
                }
            },
            "required": [
                "Key",
                "Value"
            ],
            "additionalProperties": false
        }
    },
    "properties": {
        "KeyPairId": {
            "description": "A Key Pair ID is automatically generated on creation and is assigned as the unique identifier.",
            "type": "string"
        },
        "KeyFingerprint": {
            "description": "The MD5 public key fingerprint of the imported key.",
            "type": "string"
        },
        "KeyName": {
            "description": "The name of the key is a mandatory element.",
            "type": "string",
            "pattern": "^[\\x00-\\x7F]{1,255}$",
            "minLength": 1,
            "maxLength": 255
        },
        "KeyType": {
            "description": "The type of the key pair.",
            "type": "string"
        },
        "PublicKeyMaterial": {
            "description": "The public key material is a mandatory element.",
            "type": "string",
            "pattern": "^ssh-[a-z0-9-]+ AAAA[a-zA-Z0-9\\+\\/]+=*( .*)?$",
            "minLength": 1
        },
        "Tags": {
            "description": "An array of key-value pairs to apply to the resource.",
            "type": "array",
            "uniqueItems": false,
            "insertionOrder": false,
            "items": {
                "$ref": "#/definitions/Tag"
            }
        }
    },
    "additionalProperties": false,
    "required": [
        "KeyName",
        "PublicKeyMaterial"
    ],
    "readOnlyProperties": [
        "/properties/KeyPairId",
        "/properties/KeyFingerprint",
        "/properties/KeyType"
    ],
    "writeOnlyProperties": [
        "/properties/PublicKeyMaterial"
    ],
    "primaryIdentifier": [
        "/properties/KeyPairId"
    ],
    "createOnlyProperties": [
        "/properties/KeyName",
        "/properties/PublicKeyMaterial"
    ],
    "taggable": true,
    "handlers": {
        "create": {
            "permissions": [
                "ec2:ImportKeyPair",
                "ec2:CreateTags"
            ]
        },
        "read": {
            "permissions": [
                "ec2:DescribeKeyPairs"
            ]
        },
        "update": {
            "permissions": [
                "ec2:CreateTags",
                "ec2:DeleteTags"
            ]
        },
        "delete": {
            "permissions": [
                "ec2:DeleteKeyPair",
                "ec2:DescribeKeyPairs"
            ]
        },
        "list": {
            "permissions": [
                "ec2:DescribeKeyPairs"
            ]
        }
    }
}
